component,mae_c,rmse_c,bias_c,corr,persistence_mae_c,improvement_vs_persistence_c
image_delta_as_forecast,2.7881460189819336,3.5538980960845947,0.6497920751571655,0.8773518800735474,2.819671869277954,0.03152585029602051
cloud_delta_as_forecast,2.8262627124786377,3.599876880645752,0.9681577086448669,0.8752710223197937,2.819671869277954,-0.006590843200683594
world_delta_as_forecast,2.743434429168701,3.492522716522217,0.6512055397033691,0.8804993629455566,2.819671869277954,0.07623744010925293
trend_delta_as_forecast,2.7435202598571777,3.5039706230163574,1.0033529996871948,0.8850564956665039,2.819671869277954,0.07615160942077637
interaction_delta_as_forecast,2.6681859493255615,3.4340150356292725,0.551454484462738,0.8834090828895569,2.819671869277954,0.15148591995239258
final,2.5228612422943115,3.2959656715393066,-0.05697988346219063,0.8859009146690369,2.819671869277954,0.2968106269836426
