name,mae_c,rmse_c,bias_c,corr
current_temp_persistence,2.819671869277954,3.5865700244903564,0.811475396156311,0.8773408532142639
train_mean,7.091314315795898,8.9962158203125,-5.544092178344727,3.916865054520713e-08
city_train_mean,6.8555588722229,8.256155967712402,-5.727841854095459,0.5760377645492554
