component,mae_c,rmse_c,bias_c,corr,persistence_mae_c,improvement_vs_persistence_c
image_delta_as_forecast,2.895054340362549,3.6690170764923096,1.1238092184066772,0.8773698210716248,2.819671869277954,-0.07538247108459473
cloud_delta_as_forecast,2.8281450271606445,3.59609317779541,0.9601096510887146,0.8746898174285889,2.819671869277954,-0.00847315788269043
world_delta_as_forecast,2.6116559505462646,3.325469732284546,0.7429149150848389,0.8922313451766968,2.819671869277954,0.20801591873168945
interaction_delta_as_forecast,2.6281754970550537,3.3853650093078613,0.16715362668037415,0.8828788995742798,2.819671869277954,0.1914963722229004
final,2.574709415435791,3.2826499938964844,0.082461878657341,0.8864571452140808,2.819671869277954,0.24496245384216309
