component,mae_c,rmse_c,bias_c,corr,persistence_mae_c,improvement_vs_persistence_c
image_delta_as_forecast,2.8305978775024414,3.5934019088745117,0.8898937106132507,0.8760880827903748,2.819671869277954,-0.010926008224487305
cloud_delta_as_forecast,2.8181962966918945,3.584232807159424,0.9095455408096313,0.8747429847717285,2.819671869277954,0.0014755725860595703
world_delta_as_forecast,2.6829724311828613,3.3964297771453857,0.8673852682113647,0.8914949297904968,2.819671869277954,0.13669943809509277
interaction_delta_as_forecast,2.6060240268707275,3.336583375930786,0.3832615911960602,0.8887628316879272,2.819671869277954,0.21364784240722656
final,2.563542366027832,3.2517988681793213,0.14305341243743896,0.889481782913208,2.819671869277954,0.25612950325012207
