component,mae_c,rmse_c,bias_c,corr,persistence_mae_c,improvement_vs_persistence_c
image_delta_as_forecast,2.7688045501708984,3.5336782932281494,0.565733015537262,0.877403974533081,2.819671869277954,0.050867319107055664
cloud_delta_as_forecast,2.8374109268188477,3.6170403957366943,1.0137847661972046,0.8738040924072266,2.819671869277954,-0.017739057540893555
world_delta_as_forecast,2.7134029865264893,3.4616222381591797,0.47103771567344666,0.8809230327606201,2.819671869277954,0.10626888275146484
trend_delta_as_forecast,2.6830668449401855,3.425356149673462,0.5368439555168152,0.8835813999176025,2.819671869277954,0.13660502433776855
interaction_delta_as_forecast,2.620969772338867,3.359668016433716,0.013528718613088131,0.8859282732009888,2.819671869277954,0.19870209693908691
cloud_primary_as_forecast,2.758108377456665,3.522095203399658,0.6053198575973511,0.8738031983375549,2.819671869277954,0.06156349182128906
context_delta_as_forecast,2.854419231414795,3.6417276859283447,-0.9269858002662659,0.8747931718826294,2.819671869277954,-0.03474736213684082
final,2.67295241355896,3.4342026710510254,0.4207479655742645,0.8780425786972046,2.819671869277954,0.14671945571899414
