radiation_component,n_daylight,mae_c,rmse_c,bias_c,corr
image_radiation_loss_wm2,488,88.43794250488281,135.5528106689453,-54.678524017333984,0.7252960205078125
cloud_radiation_loss_wm2,488,86.14437103271484,127.2883071899414,-37.202781677246094,0.7193475961685181
zero_cloud_loss_baseline,488,139.584716796875,208.9452667236328,-136.90243530273438,nan
mean_cloud_loss_baseline,488,131.1946563720703,157.8475341796875,1.7510085399408126e-06,1.980899355658039e-08
