component,mae_c,rmse_c,bias_c,corr
image,6.029469966888428,7.418093204498291,-3.6025390625,0.62489914894104
cloud,4.526065826416016,5.835846900939941,-2.2761127948760986,0.6543798446655273
world,9.31852912902832,11.071992874145508,-4.388227462768555,-0.48199963569641113
final,6.799648761749268,8.616097450256348,0.8592296838760376,0.573901891708374
