variant,mae_c,rmse_c,bias_c,corr
normal,6.799648761749268,8.616097450256348,0.8592296838760376,0.573901891708374
no_cloud_image,16.508251190185547,19.260520935058594,16.32605743408203,-0.4213344156742096
no_cloud_all,12.859967231750488,15.852392196655273,12.164121627807617,-0.482000470161438
cloud_shuffle,8.790481567382812,11.359512329101562,0.859229564666748,0.33002084493637085
no_world,7.415674209594727,8.927017211914062,0.416360080242157,0.6792565584182739
world_shuffle,8.019731521606445,10.036063194274902,0.859229564666748,0.5536221861839294
all_zero,11.913322448730469,13.696084976196289,11.721253395080566,-0.12328030914068222
